{"cameraMode":{"drawMode":0,"name":"Shaded","section":"Shading Mode"},"sceneLighting":true,"audioPlay":false,"sceneViewState":{"showFog":true,"showMaterialUpdate":false,"showSkybox":true,"showFlares":true,"showImageEffects":true,"showParticleSystems":true},"in2DMode":false,"pivot":{"x":143.95431518554688,"y":32.80603790283203,"z":53.510372161865237},"rotation":{"x":0.02953297086060047,"y":-0.8845162987709045,"z":-0.05494904890656471,"w":-0.4628482460975647},"size":104.3816909790039,"orthographic":false}