{"cameraMode":{"drawMode":0,"name":"Shaded","section":"Shading Mode"},"sceneLighting":true,"audioPlay":false,"sceneViewState":{"showFog":true,"showMaterialUpdate":false,"showSkybox":true,"showFlares":true,"showImageEffects":true,"showParticleSystems":true},"in2DMode":false,"pivot":{"x":-14.092327117919922,"y":11.805130004882813,"z":120.37279510498047},"rotation":{"x":0.25628677010536196,"y":-0.39857643842697146,"z":0.11703390628099442,"w":0.8728308081626892},"size":6.192946434020996,"orthographic":false}