{"cameraMode":{"drawMode":0,"name":"Shaded","section":"Shading Mode"},"sceneLighting":true,"audioPlay":false,"sceneViewState":{"showFog":true,"showMaterialUpdate":false,"showSkybox":true,"showFlares":true,"showImageEffects":true,"showParticleSystems":true},"in2DMode":false,"pivot":{"x":39.5858039855957,"y":14.77032470703125,"z":41.590152740478519},"rotation":{"x":0.04656371474266052,"y":0.7246997356414795,"z":-0.04921071603894234,"w":0.6857415437698364},"size":10.393413543701172,"orthographic":false}