{"cameraMode":{"drawMode":0,"name":"Shaded","section":"Shading Mode"},"sceneLighting":false,"audioPlay":false,"sceneViewState":{"showFog":true,"showMaterialUpdate":false,"showSkybox":false,"showFlares":true,"showImageEffects":true,"showParticleSystems":true},"in2DMode":false,"pivot":{"x":-70.23001098632813,"y":11.069999694824219,"z":0.6499977111816406},"rotation":{"x":-0.15825966000556947,"y":-0.14956402778625489,"z":0.02426186576485634,"w":-0.9757087826728821},"size":18.976346969604493,"orthographic":false}