{"cameraMode":{"drawMode":0,"name":"Shaded","section":"Shading Mode"},"sceneLighting":false,"audioPlay":false,"sceneViewState":{"showFog":true,"showMaterialUpdate":false,"showSkybox":false,"showFlares":true,"showImageEffects":true,"showParticleSystems":true},"in2DMode":false,"pivot":{"x":0.13599538803100587,"y":1.4138022661209107,"z":-0.8710604310035706},"rotation":{"x":0.044829048216342929,"y":-0.7759153246879578,"z":-0.05549541115760803,"w":-0.6267994046211243},"size":2.700057029724121,"orthographic":false}