{"cameraMode":{"drawMode":0,"name":"Shaded","section":"Shading Mode"},"sceneLighting":true,"audioPlay":false,"sceneViewState":{"showFog":true,"showMaterialUpdate":false,"showSkybox":true,"showFlares":true,"showImageEffects":true,"showParticleSystems":true},"in2DMode":false,"pivot":{"x":-10.905865669250489,"y":0.18179818987846375,"z":-33.253684997558597},"rotation":{"x":-0.28618940711021426,"y":-0.20408551394939423,"z":0.06253097951412201,"w":-0.9341018199920654},"size":10.244626998901368,"orthographic":false}