{"cameraMode":{"drawMode":0,"name":"Shaded","section":"Shading Mode"},"sceneLighting":false,"audioPlay":false,"sceneViewState":{"showFog":true,"showMaterialUpdate":false,"showSkybox":false,"showFlares":true,"showImageEffects":true,"showParticleSystems":true},"in2DMode":false,"pivot":{"x":-0.40160953998565676,"y":-0.06954421103000641,"z":0.0997934341430664},"rotation":{"x":0.012468359433114529,"y":0.9467706084251404,"z":-0.03694278374314308,"w":0.3195394277572632},"size":1.4936531782150269,"orthographic":false}