{"cameraMode":{"drawMode":0,"name":"Shaded","section":"Shading Mode"},"sceneLighting":false,"audioPlay":false,"sceneViewState":{"showFog":true,"showMaterialUpdate":false,"showSkybox":false,"showFlares":true,"showImageEffects":true,"showParticleSystems":true},"in2DMode":false,"pivot":{"x":-5.059999942779541,"y":1.2189998626708985,"z":-22.540002822875978},"rotation":{"x":-0.17035140097141267,"y":0.375579833984375,"z":-0.07043945044279099,"w":-0.9082773327827454},"size":17.147302627563478,"orthographic":false}