{"cameraMode":{"drawMode":0,"name":"Shaded","section":"Shading Mode"},"sceneLighting":true,"audioPlay":false,"sceneViewState":{"showFog":true,"showMaterialUpdate":false,"showSkybox":true,"showFlares":true,"showImageEffects":true,"showParticleSystems":true},"in2DMode":false,"pivot":{"x":6.245556354522705,"y":2.7965550422668459,"z":-67.65697479248047},"rotation":{"x":0.019851485267281534,"y":0.9697186946868897,"z":-0.084283746778965,"w":0.22837862372398377},"size":6.760568141937256,"orthographic":false}