{"cameraMode":{"drawMode":0,"name":"Shaded","section":"Shading Mode"},"sceneLighting":false,"audioPlay":false,"sceneViewState":{"showFog":true,"showMaterialUpdate":false,"showSkybox":false,"showFlares":true,"showImageEffects":true,"showParticleSystems":true},"in2DMode":false,"pivot":{"x":0.107471764087677,"y":-0.09544944018125534,"z":0.26009154319763186},"rotation":{"x":0.007497590035200119,"y":0.9805914759635925,"z":0.038262467831373218,"w":-0.19214841723442079},"size":1.4936531782150269,"orthographic":false}