{"cameraMode":{"drawMode":0,"name":"Shaded","section":"Shading Mode"},"sceneLighting":true,"audioPlay":false,"sceneViewState":{"showFog":true,"showMaterialUpdate":false,"showSkybox":true,"showFlares":true,"showImageEffects":true,"showParticleSystems":true},"in2DMode":false,"pivot":{"x":12.561902046203614,"y":1.1654143333435059,"z":-33.78691482543945},"rotation":{"x":0.051636625081300738,"y":-0.35144758224487307,"z":0.0194295234978199,"w":0.9345951080322266},"size":2.541658639907837,"orthographic":false}