{"cameraMode":{"drawMode":0,"name":"Shaded","section":"Shading Mode"},"sceneLighting":true,"audioPlay":false,"sceneViewState":{"showFog":true,"showMaterialUpdate":false,"showSkybox":true,"showFlares":true,"showImageEffects":true,"showParticleSystems":true},"in2DMode":false,"pivot":{"x":5.615741729736328,"y":5.268939018249512,"z":-63.799339294433597},"rotation":{"x":-0.0385095551609993,"y":0.5066729187965393,"z":-0.022662842646241189,"w":-0.8609820008277893},"size":17.498432159423829,"orthographic":false}