{"cameraMode":{"drawMode":0,"name":"Shaded","section":"Shading Mode"},"sceneLighting":false,"audioPlay":false,"sceneViewState":{"showFog":true,"showMaterialUpdate":false,"showSkybox":false,"showFlares":true,"showImageEffects":true,"showParticleSystems":true},"in2DMode":false,"pivot":{"x":-0.7448993921279907,"y":-0.3603441119194031,"z":1.2122652530670167},"rotation":{"x":0.006762110628187656,"y":0.43251749873161318,"z":0.0032439257483929397,"w":-0.9015951752662659},"size":2.693653106689453,"orthographic":false}