{"cameraMode":{"drawMode":0,"name":"Shaded","section":"Shading Mode"},"sceneLighting":true,"audioPlay":false,"sceneViewState":{"showFog":true,"showMaterialUpdate":false,"showSkybox":false,"showFlares":true,"showImageEffects":true,"showParticleSystems":true},"in2DMode":false,"pivot":{"x":3.180419921875,"y":10.168655395507813,"z":-1.8726806640625},"rotation":{"x":0.16536949574947358,"y":0.5419498682022095,"z":-0.10974453389644623,"w":0.8166401982307434},"size":86.93367004394531,"orthographic":false}