{"cameraMode":{"drawMode":0,"name":"Shaded","section":"Shading Mode"},"sceneLighting":true,"audioPlay":false,"sceneViewState":{"showFog":true,"showMaterialUpdate":false,"showSkybox":true,"showFlares":true,"showImageEffects":true,"showParticleSystems":true},"in2DMode":false,"pivot":{"x":17.693492889404298,"y":-1.352311611175537,"z":-52.283966064453128},"rotation":{"x":0.06490866839885712,"y":0.9270635843276978,"z":-0.19004586338996888,"w":0.31660476326942446},"size":46.01826477050781,"orthographic":false}